[
null,
{"id":1,"list":[{"code":221,"indent":0,"parameters":[]},{"code":201,"indent":0,"parameters":[0,26,10,12,4,0]},{"code":129,"indent":0,"parameters":[5,1,false]},{"code":121,"indent":0,"parameters":[9,9,0]},{"code":222,"indent":0,"parameters":[]},{"code":231,"indent":0,"parameters":[1,"yuyuko_sad_R",0,0,30,30,100,100,0,0]},{"code":231,"indent":0,"parameters":[2,"yukari_default_L",0,0,-30,30,100,100,0,0]},{"code":232,"indent":0,"parameters":[1,0,0,0,0,0,100,100,255,0,20,false]},{"code":101,"indent":0,"parameters":["",0,0,2]},{"code":401,"indent":0,"parameters":["Yukari... you should go, I would like to speak"]},{"code":401,"indent":0,"parameters":["to my father alone. "]},{"code":232,"indent":0,"parameters":[1,0,0,0,30,30,100,100,100,0,20,false]},{"code":232,"indent":0,"parameters":[2,0,0,0,0,0,100,100,255,0,20,false]},{"code":101,"indent":0,"parameters":["",0,0,2]},{"code":401,"indent":0,"parameters":["..."]},{"code":101,"indent":0,"parameters":["",0,0,2]},{"code":401,"indent":0,"parameters":["Yuyuko, I'm always here if you need me."]},{"code":232,"indent":0,"parameters":[1,0,0,0,30,30,100,100,0,0,20,false]},{"code":232,"indent":0,"parameters":[2,0,0,0,-30,30,100,100,0,0,20,true]},{"code":121,"indent":0,"parameters":[10,10,0]},{"code":0,"indent":0,"parameters":[]}],"name":"[M-4] Yukari Yuyuko","switchId":1,"trigger":0},
{"id":2,"list":[{"code":111,"indent":0,"parameters":[0,4,0]},{"code":111,"indent":1,"parameters":[0,5,0]},{"code":111,"indent":2,"parameters":[0,7,0]},{"code":111,"indent":3,"parameters":[0,14,0]},{"code":121,"indent":4,"parameters":[16,16,0]},{"code":0,"indent":4,"parameters":[]},{"code":412,"indent":3,"parameters":[]},{"code":0,"indent":3,"parameters":[]},{"code":412,"indent":2,"parameters":[]},{"code":0,"indent":2,"parameters":[]},{"code":412,"indent":1,"parameters":[]},{"code":0,"indent":1,"parameters":[]},{"code":412,"indent":0,"parameters":[]},{"code":0,"indent":0,"parameters":[]}],"name":"4 Memory Checker","switchId":1,"trigger":0},
{"id":3,"list":[{"code":101,"indent":0,"parameters":["",0,0,2]},{"code":401,"indent":0,"parameters":["Give up?"]},{"code":102,"indent":0,"parameters":[["Yes","No"],1,0,2,0]},{"code":402,"indent":0,"parameters":[0,"Yes"]},{"code":231,"indent":1,"parameters":[8,"Monkhood",0,0,0,0,100,100,0,0]},{"code":232,"indent":1,"parameters":[8,0,0,0,0,0,100,100,255,0,20,true]},{"code":101,"indent":1,"parameters":["",0,2,2]},{"code":401,"indent":1,"parameters":["\"Monkhood\""]},{"code":121,"indent":1,"parameters":[5,5,0]},{"code":117,"indent":1,"parameters":[2]},{"code":242,"indent":1,"parameters":[1]},{"code":221,"indent":1,"parameters":[]},{"code":232,"indent":1,"parameters":[8,0,0,0,0,0,100,100,0,0,20,true]},{"code":235,"indent":1,"parameters":[8]},{"code":129,"indent":1,"parameters":[3,1,false]},{"code":129,"indent":1,"parameters":[1,0,false]},{"code":129,"indent":1,"parameters":[7,0,false]},{"code":201,"indent":1,"parameters":[1,3,1,2,2,0]},{"code":222,"indent":1,"parameters":[]},{"code":241,"indent":1,"parameters":[{"name":"childofare","volume":90,"pitch":100,"pan":0}]},{"code":231,"indent":1,"parameters":[1,"youmu_default",0,0,30,30,100,100,0,0]},{"code":232,"indent":1,"parameters":[1,0,0,0,0,0,100,100,255,0,20,false]},{"code":101,"indent":1,"parameters":["",0,0,2]},{"code":401,"indent":1,"parameters":["... \\|"]},{"code":401,"indent":1,"parameters":["I hope Miss Yuyuko never has such a burden as this."]},{"code":232,"indent":1,"parameters":[1,0,0,0,30,30,100,100,0,0,20,false]},{"code":0,"indent":1,"parameters":[]},{"code":402,"indent":0,"parameters":[1,"No"]},{"code":0,"indent":1,"parameters":[]},{"code":404,"indent":0,"parameters":[]},{"code":0,"indent":0,"parameters":[]}],"name":"[M-2] Mayohiga","switchId":1,"trigger":0},
{"id":4,"list":[{"code":0,"indent":0,"parameters":[]}],"name":"","switchId":1,"trigger":0}
]