{
"autoplayBgm":true,"autoplayBgs":false,"battleback1Name":"","battleback2Name":"","bgm":{"name":"mary","pan":0,"pitch":100,"volume":90},"bgs":{"name":"","pan":0,"pitch":100,"volume":90},"disableDashing":false,"displayName":"","encounterList":[],"encounterStep":30,"height":9,"note":"","parallaxLoopX":false,"parallaxLoopY":false,"parallaxName":"","parallaxShow":true,"parallaxSx":0,"parallaxSy":0,"scrollType":0,"specifyBattleback":false,"tilesetId":1,"width":16,
"data":[5888,5888,5888,5892,5916,5916,5916,5916,5916,5916,5916,5896,5888,5888,5888,5888,5888,5888,5888,5912,6326,6279,6323,6322,6326,6279,6323,5904,5888,5888,5888,5888,5888,5888,5888,5912,6332,6285,6329,6328,6332,6285,6329,5904,5888,5888,5888,5888,5888,5888,5888,5912,1545,1546,1545,1546,1545,1546,1539,5904,5888,5888,5888,5888,5888,5888,5888,5912,1539,1545,1546,1545,1546,1539,1547,5904,5888,5888,5888,5888,5888,5888,5888,5912,1547,1545,1546,1545,1546,1547,1539,5904,5888,5888,5888,5888,5888,5888,5888,5912,1545,1546,1545,1546,1545,1546,1547,5904,5888,5888,5888,5888,5888,5888,5888,5890,5908,5908,5924,4014,5922,5908,5908,5889,5888,5888,5888,5888,5888,5888,5888,5888,5888,5888,5890,5908,5889,5888,5888,5888,5888,5888,5888,5888,0,0,0,0,0,0,0,0,0,0,0,0,0,0,0,0,0,0,0,0,0,0,0,0,0,0,0,0,0,0,0,0,0,0,0,0,0,0,0,0,0,0,0,0,0,0,0,0,0,0,0,0,0,0,0,0,0,0,0,0,0,0,0,0,0,0,0,0,0,0,0,0,0,0,0,0,0,0,0,0,0,0,0,0,0,0,0,0,0,0,0,0,0,0,0,0,0,0,0,0,0,0,0,0,0,0,0,0,0,0,0,0,0,0,0,0,0,0,0,0,0,0,0,0,0,0,0,0,0,0,0,0,0,0,0,0,0,0,0,0,0,0,0,0,0,0,0,0,0,0,0,0,0,0,0,0,0,0,0,0,0,0,0,0,0,0,0,0,0,0,0,0,0,0,0,0,0,0,0,0,0,0,0,0,0,0,0,0,0,0,0,0,0,0,0,0,0,0,0,0,0,0,0,0,0,0,0,0,0,0,0,0,0,0,0,0,0,0,0,0,0,0,0,0,0,0,0,0,0,0,0,0,0,0,0,0,0,0,0,0,0,0,0,0,0,0,0,0,0,0,0,0,0,0,0,0,0,0,0,0,0,0,0,0,0,0,0,0,0,0,0,0,0,0,0,0,0,0,0,0,0,0,0,0,0,0,0,0,0,0,0,0,0,0,0,0,0,0,0,0,0,0,0,0,0,0,0,0,80,81,82,188,0,54,0,0,0,0,0,0,0,0,0,0,88,89,90,0,0,62,0,0,0,0,0,0,0,0,0,0,96,97,98,182,0,70,181,0,0,0,0,0,0,0,0,0,0,0,182,27,182,0,0,0,0,0,0,0,0,0,0,0,0,0,0,182,0,0,0,0,0,0,0,0,0,0,0,0,0,0,0,0,0,0,0,0,0,0,0,0,0,0,0,0,0,0,0,0,0,0,0,0,0,0,0,0,0,0,0,0,0,0,0,0,0,0,0,0,0,0,0,0,0,0,0,0,0,0,0,0,0,0,0,0,0,0,0,0,0,0,0,0,0,0,0,0,0,0,0,0,0,0,0,0,0,0,0,0,0,0,0,0,0,0,0,0,0,0,0,0,0,0,0,0,5,0,0,0,0,0,0,0,0,0,0,0,0,0,0,0,5,0,0,0,0,0,0,0,0,0,0,0,0,0,0,0,5,0,0,0,0,0,0,0,0,0,0,0,0,0,0,0,5,0,0,0,0,0,0,0,0,0,0,0,0,0,0,0,0,0,0,0,0,0,0,0,0,0,0,0,0,0,0,0,0,0,0,0,0,0,0,0,0,0,0,0,0,0,0,0,0,0,0,0,0,0,0,0,0,0,0,0,0,0,0,0,0,0,0,0,0,0,0,0,0,0,0,0,0,0,0,0,0,0,0,0,0,0,0,0,0,0,0,0,0,0,0,0,0,0,0,0,0,0,0,0,0,0,0,0,0,0,0,0,0,0,0,0,0,0,0,0,0,0,0,0,0,0,0,0,0,0,0,0,0,0,0,0,0,0,0,0,0,0,0,0,0,0,0,0,0,0,0,0,0,0,0,0,0,0,0,0,0,0,0,0,0,0,0,0,0,0,0,0,0,0,0,0,0,0,0,0,0,0,0,0,0,0,0,0],
"events":[
null,
{"id":1,"name":"EV001","note":"","pages":[{"conditions":{"actorId":1,"actorValid":false,"itemId":1,"itemValid":false,"selfSwitchCh":"A","selfSwitchValid":false,"switch1Id":1,"switch1Valid":false,"switch2Id":1,"switch2Valid":false,"variableId":1,"variableValid":false,"variableValue":0},"directionFix":true,"image":{"tileId":0,"characterName":"!Flame","direction":8,"pattern":0,"characterIndex":7},"list":[{"code":201,"indent":0,"parameters":[0,29,1,5,8,0]},{"code":0,"indent":0,"parameters":[]}],"moveFrequency":3,"moveRoute":{"list":[{"code":0,"parameters":[]}],"repeat":true,"skippable":false,"wait":false},"moveSpeed":3,"moveType":0,"priorityType":0,"stepAnime":true,"through":false,"trigger":1,"walkAnime":false}],"x":7,"y":7},
{"id":2,"name":"EV002","note":"","pages":[{"conditions":{"actorId":1,"actorValid":false,"itemId":1,"itemValid":false,"selfSwitchCh":"A","selfSwitchValid":false,"switch1Id":1,"switch1Valid":false,"switch2Id":1,"switch2Valid":false,"variableId":1,"variableValid":false,"variableValue":0},"directionFix":false,"image":{"characterIndex":0,"characterName":"","direction":2,"pattern":0,"tileId":0},"list":[{"code":231,"indent":0,"parameters":[1,"youmu_default",0,0,30,30,100,100,0,0]},{"code":232,"indent":0,"parameters":[1,0,0,0,0,0,100,100,255,0,20,false]},{"code":101,"indent":0,"parameters":["",0,0,2]},{"code":401,"indent":0,"parameters":["Unknown books and unknown things."]},{"code":401,"indent":0,"parameters":["\"Abstract Algebra\"???"]},{"code":232,"indent":0,"parameters":[1,0,0,0,30,30,100,100,0,0,20,false]},{"code":0,"indent":0,"parameters":[]}],"moveFrequency":3,"moveRoute":{"list":[{"code":0,"parameters":[]}],"repeat":true,"skippable":false,"wait":false},"moveSpeed":3,"moveType":0,"priorityType":1,"stepAnime":false,"through":false,"trigger":0,"walkAnime":true}],"x":5,"y":2},
{"id":3,"name":"EV003","note":"","pages":[{"conditions":{"actorId":1,"actorValid":false,"itemId":1,"itemValid":false,"selfSwitchCh":"A","selfSwitchValid":false,"switch1Id":1,"switch1Valid":false,"switch2Id":1,"switch2Valid":false,"variableId":1,"variableValid":false,"variableValue":0},"directionFix":true,"image":{"tileId":0,"characterName":"Devs01","direction":6,"pattern":2,"characterIndex":0},"list":[{"code":231,"indent":0,"parameters":[1,"blackmage",0,0,0,0,100,100,0,0]},{"code":232,"indent":0,"parameters":[1,0,0,0,0,0,100,100,255,0,20,true]},{"code":101,"indent":0,"parameters":["",0,0,2]},{"code":401,"indent":0,"parameters":["Hi I'm the programmer."]},{"code":232,"indent":0,"parameters":[1,0,0,0,30,30,100,100,0,0,20,true]},{"code":235,"indent":0,"parameters":[1]},{"code":0,"indent":0,"parameters":[]}],"moveFrequency":3,"moveRoute":{"list":[{"code":0,"parameters":[]}],"repeat":true,"skippable":false,"wait":false},"moveSpeed":3,"moveType":0,"priorityType":1,"stepAnime":false,"through":false,"trigger":0,"walkAnime":false}],"x":6,"y":4},
{"id":4,"name":"EV004","note":"","pages":[{"conditions":{"actorId":1,"actorValid":false,"itemId":1,"itemValid":true,"selfSwitchCh":"A","selfSwitchValid":false,"switch1Id":1,"switch1Valid":false,"switch2Id":1,"switch2Valid":false,"variableId":1,"variableValid":false,"variableValue":0},"directionFix":true,"image":{"tileId":0,"characterName":"Devs01","direction":4,"pattern":0,"characterIndex":1},"list":[{"code":231,"indent":0,"parameters":[1,"copper",0,0,0,0,100,100,0,0]},{"code":232,"indent":0,"parameters":[1,0,0,0,0,0,100,100,255,0,20,true]},{"code":101,"indent":0,"parameters":["",0,0,2]},{"code":401,"indent":0,"parameters":["Hi, thanks for coming over to us! "]},{"code":401,"indent":0,"parameters":["This means you've finished our game. Hope you "]},{"code":101,"indent":0,"parameters":["",0,0,2]},{"code":401,"indent":0,"parameters":["enjoyed it! I worked on the Art and writing of it. "]},{"code":401,"indent":0,"parameters":["Anything you want to ask me?"]},{"code":232,"indent":0,"parameters":[1,0,0,0,0,0,100,100,100,0,20,true]},{"code":112,"indent":0,"parameters":[]},{"code":102,"indent":1,"parameters":[["About Youmu","About Youki","About Yuyuko","About Yukari","About Hoshi","Please shut up."],1,0,2,0]},{"code":402,"indent":1,"parameters":[0,"About Youmu"]},{"code":232,"indent":2,"parameters":[1,0,0,0,0,0,100,100,255,0,20,true]},{"code":101,"indent":2,"parameters":["",0,0,2]},{"code":401,"indent":2,"parameters":["I'd always imagined how important Youki actually "]},{"code":401,"indent":2,"parameters":["was. Youmu was probably closer to him than Yuyuko, "]},{"code":101,"indent":2,"parameters":["",0,0,2]},{"code":401,"indent":2,"parameters":["and I'm sure all of them had a great time together, "]},{"code":401,"indent":2,"parameters":["right?"]},{"code":101,"indent":2,"parameters":["",0,0,2]},{"code":401,"indent":2,"parameters":["Gensokyo is a land of Fantasy, but the basics of "]},{"code":401,"indent":2,"parameters":["humans still apply."]},{"code":101,"indent":2,"parameters":["",0,0,2]},{"code":401,"indent":2,"parameters":["When you lose someone you care about, you miss "]},{"code":401,"indent":2,"parameters":["them, but also must grow stronger."]},{"code":101,"indent":2,"parameters":["",0,0,2]},{"code":401,"indent":2,"parameters":["That I feel makes everyone more real."]},{"code":232,"indent":2,"parameters":[1,0,0,0,0,0,100,100,100,0,20,true]},{"code":0,"indent":2,"parameters":[]},{"code":402,"indent":1,"parameters":[1,"About Youki"]},{"code":232,"indent":2,"parameters":[1,0,0,0,0,0,100,100,255,0,20,true]},{"code":101,"indent":2,"parameters":["",0,0,2]},{"code":401,"indent":2,"parameters":["Not too much is known about him. I felt a duty to"]},{"code":401,"indent":2,"parameters":["give him some love. As a good, noble man he "]},{"code":101,"indent":2,"parameters":["",0,0,2]},{"code":401,"indent":2,"parameters":["deserves it. I wonder why he would leave though?"]},{"code":401,"indent":2,"parameters":["Going through pain is important to become strong. "]},{"code":101,"indent":2,"parameters":["",0,0,2]},{"code":401,"indent":2,"parameters":["In lore all around the world, most of the strongest "]},{"code":401,"indent":2,"parameters":["spirits had to overcome themselves. "]},{"code":0,"indent":2,"parameters":[]},{"code":402,"indent":1,"parameters":[2,"About Yuyuko"]},{"code":232,"indent":2,"parameters":[1,0,0,0,0,0,100,100,255,0,20,true]},{"code":101,"indent":2,"parameters":["",0,0,2]},{"code":401,"indent":2,"parameters":["Yuyuko's story isn't too sad when you think"]},{"code":401,"indent":2,"parameters":["about it. Yuyuko lost the burden, and gained a lot..."]},{"code":101,"indent":2,"parameters":["",0,0,2]},{"code":401,"indent":2,"parameters":["Like the entire netherworld. Shes even able to live "]},{"code":401,"indent":2,"parameters":["freely from the Yama's judgements."]},{"code":232,"indent":2,"parameters":[1,0,0,0,0,0,100,100,100,0,20,true]},{"code":0,"indent":2,"parameters":[]},{"code":402,"indent":1,"parameters":[3,"About Yukari"]},{"code":232,"indent":2,"parameters":[1,0,0,0,0,0,100,100,255,0,20,true]},{"code":101,"indent":2,"parameters":["",0,0,2]},{"code":401,"indent":2,"parameters":["I'm sure Yuyuko must have been a pretty amazing "]},{"code":401,"indent":2,"parameters":["person for Yukari to befriend. In the end, I'm sure "]},{"code":101,"indent":2,"parameters":["",0,0,2]},{"code":401,"indent":2,"parameters":["Yukari was relieved. She would never have to lose "]},{"code":401,"indent":2,"parameters":["her friend."]},{"code":101,"indent":2,"parameters":["",0,0,2]},{"code":401,"indent":2,"parameters":["But at the same time- I guess she did lose her "]},{"code":401,"indent":2,"parameters":["friend in a way?"]},{"code":232,"indent":2,"parameters":[1,0,0,0,0,0,100,100,100,0,20,true]},{"code":0,"indent":2,"parameters":[]},{"code":402,"indent":1,"parameters":[4,"About Hoshi"]},{"code":232,"indent":2,"parameters":[1,0,0,0,0,0,100,100,255,0,20,true]},{"code":101,"indent":2,"parameters":["",0,0,2]},{"code":401,"indent":2,"parameters":["He's perhaps the least known character. However, "]},{"code":401,"indent":2,"parameters":["after working on this game I feel so much closer "]},{"code":101,"indent":2,"parameters":["",0,0,2]},{"code":401,"indent":2,"parameters":["to him and the others. I hope you do as well after"]},{"code":401,"indent":2,"parameters":["experiencing their plights."]},{"code":101,"indent":2,"parameters":["",0,0,2]},{"code":401,"indent":2,"parameters":["I'd imagine the guilt of writing a single poem - "]},{"code":401,"indent":2,"parameters":["a peice of art so beautiful - that led to the "]},{"code":101,"indent":2,"parameters":["",0,0,2]},{"code":401,"indent":2,"parameters":["Saigyou Ayakashi's rise and following events."]},{"code":401,"indent":2,"parameters":["Especially for a parent, it's terrifying."]},{"code":101,"indent":2,"parameters":["",0,0,2]},{"code":401,"indent":2,"parameters":["It can truly, make you lose your way. Especially an"]},{"code":401,"indent":2,"parameters":["artist."]},{"code":101,"indent":2,"parameters":["",0,0,2]},{"code":401,"indent":2,"parameters":["I think seeing this would have made Youki extra "]},{"code":401,"indent":2,"parameters":["careful to want Youmu to be strong."]},{"code":232,"indent":2,"parameters":[1,0,0,0,0,0,100,100,100,0,20,true]},{"code":0,"indent":2,"parameters":[]},{"code":402,"indent":1,"parameters":[5,"Please shut up."]},{"code":232,"indent":2,"parameters":[1,0,0,0,0,0,100,100,255,0,20,true]},{"code":101,"indent":2,"parameters":["",0,0,2]},{"code":401,"indent":2,"parameters":["Oh ok  :<"]},{"code":232,"indent":2,"parameters":[1,0,0,0,0,0,100,100,100,0,20,true]},{"code":113,"indent":2,"parameters":[]},{"code":0,"indent":2,"parameters":[]},{"code":404,"indent":1,"parameters":[]},{"code":0,"indent":1,"parameters":[]},{"code":413,"indent":0,"parameters":[]},{"code":232,"indent":0,"parameters":[1,0,0,0,30,30,100,100,0,0,20,true]},{"code":235,"indent":0,"parameters":[1]},{"code":0,"indent":0,"parameters":[]}],"moveFrequency":3,"moveRoute":{"list":[{"code":0,"parameters":[]}],"repeat":true,"skippable":false,"wait":false},"moveSpeed":3,"moveType":0,"priorityType":1,"stepAnime":false,"through":false,"trigger":0,"walkAnime":false}],"x":8,"y":4},
{"id":5,"name":"EV005","note":"","pages":[{"conditions":{"actorId":1,"actorValid":false,"itemId":1,"itemValid":false,"selfSwitchCh":"A","selfSwitchValid":false,"switch1Id":1,"switch1Valid":false,"switch2Id":1,"switch2Valid":false,"variableId":1,"variableValid":false,"variableValue":0},"directionFix":false,"image":{"characterIndex":0,"characterName":"","direction":2,"pattern":0,"tileId":0},"list":[{"code":231,"indent":0,"parameters":[1,"youmu_default",0,0,30,30,100,100,0,0]},{"code":232,"indent":0,"parameters":[1,0,0,0,0,0,100,100,255,0,20,false]},{"code":101,"indent":0,"parameters":["",0,0,2]},{"code":401,"indent":0,"parameters":["I can see my reflection!"]},{"code":401,"indent":0,"parameters":["Great."]},{"code":232,"indent":0,"parameters":[1,0,0,0,30,30,100,100,0,0,20,false]},{"code":0,"indent":0,"parameters":[]}],"moveFrequency":3,"moveRoute":{"list":[{"code":0,"parameters":[]}],"repeat":true,"skippable":false,"wait":false},"moveSpeed":3,"moveType":0,"priorityType":1,"stepAnime":false,"through":false,"trigger":0,"walkAnime":true}],"x":9,"y":2},
{"id":6,"name":"EV006","note":"","pages":[{"conditions":{"actorId":1,"actorValid":false,"itemId":1,"itemValid":false,"selfSwitchCh":"A","selfSwitchValid":false,"switch1Id":1,"switch1Valid":false,"switch2Id":1,"switch2Valid":false,"variableId":1,"variableValid":false,"variableValue":0},"directionFix":true,"image":{"tileId":0,"characterName":"Devs01","direction":6,"pattern":1,"characterIndex":2},"list":[{"code":231,"indent":0,"parameters":[1,"blackmage",0,0,0,0,100,100,0,0]},{"code":232,"indent":0,"parameters":[1,0,0,0,0,0,100,100,255,0,20,true]},{"code":101,"indent":0,"parameters":["",0,0,2]},{"code":401,"indent":0,"parameters":["I made the music for this game."]},{"code":232,"indent":0,"parameters":[1,0,0,0,30,30,100,100,0,0,20,true]},{"code":235,"indent":0,"parameters":[1]},{"code":0,"indent":0,"parameters":[]}],"moveFrequency":3,"moveRoute":{"list":[{"code":0,"parameters":[]}],"repeat":true,"skippable":false,"wait":false},"moveSpeed":3,"moveType":0,"priorityType":1,"stepAnime":false,"through":false,"trigger":0,"walkAnime":false}],"x":7,"y":5},
{"id":7,"name":"EV007","note":"","pages":[{"conditions":{"actorId":1,"actorValid":false,"itemId":1,"itemValid":false,"selfSwitchCh":"A","selfSwitchValid":false,"switch1Id":1,"switch1Valid":false,"switch2Id":1,"switch2Valid":false,"variableId":1,"variableValid":false,"variableValue":0},"directionFix":false,"image":{"characterIndex":0,"characterName":"","direction":2,"pattern":0,"tileId":0},"list":[{"code":101,"indent":0,"parameters":["",0,0,2]},{"code":401,"indent":0,"parameters":["Tileset Credits:"]},{"code":101,"indent":0,"parameters":["",0,0,2]},{"code":401,"indent":0,"parameters":["The Sakura trees: "]},{"code":401,"indent":0,"parameters":["Aqua, https://onnashujinko.tumblr.com/"]},{"code":101,"indent":0,"parameters":["",0,0,2]},{"code":401,"indent":0,"parameters":["\"Between Truth and Fantasy\", "]},{"code":401,"indent":0,"parameters":["http://www.geocities.jp/chierin4649/tkoolsozai.html"]},{"code":101,"indent":0,"parameters":["",0,0,2]},{"code":401,"indent":0,"parameters":["Tileset used:"]},{"code":401,"indent":0,"parameters":["Table, Swords, Tea Set"]},{"code":101,"indent":0,"parameters":["",0,0,2]},{"code":401,"indent":0,"parameters":["Konoe, http://konoee.blog137.fc2.com/"]},{"code":401,"indent":0,"parameters":["Tileset used: Bathtub."]},{"code":101,"indent":0,"parameters":["",0,0,2]},{"code":401,"indent":0,"parameters":["Celianna & Enterbrain, http://pixanna.nl/"]},{"code":401,"indent":0,"parameters":["Tileset used: "]},{"code":101,"indent":0,"parameters":["",0,0,2]},{"code":401,"indent":0,"parameters":["The big tree as a base for Saigyou Ayakashi, rock, "]},{"code":401,"indent":0,"parameters":["green tree, newspaper."]},{"code":101,"indent":0,"parameters":["",0,0,2]},{"code":401,"indent":0,"parameters":["Cyanide"]},{"code":401,"indent":0,"parameters":["Tileset used: rock."]},{"code":101,"indent":0,"parameters":["",0,0,2]},{"code":401,"indent":0,"parameters":["Nicnubill, https://nicnubill.deviantart.com/"]},{"code":401,"indent":0,"parameters":["Tileset used: Doors, fences"]},{"code":101,"indent":0,"parameters":["",0,0,2]},{"code":401,"indent":0,"parameters":["Metalraptor, https://metalraptor.deviantart.com/"]},{"code":401,"indent":0,"parameters":["Tileset used: Bridge."]},{"code":101,"indent":0,"parameters":["",0,0,2]},{"code":401,"indent":0,"parameters":["Hyobu"]},{"code":401,"indent":0,"parameters":["Tileset used: Almost everything."]},{"code":0,"indent":0,"parameters":[]}],"moveFrequency":3,"moveRoute":{"list":[{"code":0,"parameters":[]}],"repeat":true,"skippable":false,"wait":false},"moveSpeed":3,"moveType":0,"priorityType":0,"stepAnime":false,"through":false,"trigger":0,"walkAnime":true}],"x":10,"y":3}
]
}