[
null,
{"id":1,"expanded":true,"name":"Title Screen","order":1,"parentId":0,"scrollX":542,"scrollY":305},
{"id":2,"expanded":false,"name":"Hallway","order":6,"parentId":7,"scrollX":832.8,"scrollY":507},
{"id":3,"expanded":true,"name":"Saigyou Ayakashi (Pre Seal)","order":25,"parentId":19,"scrollX":534,"scrollY":319},
{"id":4,"expanded":true,"name":"Interior","order":3,"parentId":7,"scrollX":534,"scrollY":319},
{"id":5,"expanded":false,"name":"Kitchen","order":4,"parentId":4,"scrollX":542,"scrollY":305},
{"id":6,"expanded":false,"name":"Bathroom","order":5,"parentId":4,"scrollX":832.8,"scrollY":507},
{"id":7,"expanded":true,"name":"Saigyou Estate Exterior","order":2,"parentId":1,"scrollX":832.8,"scrollY":507},
{"id":8,"expanded":false,"name":"Youmu's Room","order":7,"parentId":2,"scrollX":542,"scrollY":305},
{"id":9,"expanded":false,"name":"Saigyou Ayakashi (Post Seal)","order":10,"parentId":7,"scrollX":534,"scrollY":751},
{"id":10,"expanded":false,"name":"Memory 01","order":11,"parentId":1,"scrollX":534,"scrollY":319},
{"id":11,"expanded":true,"name":"Kitchen M-1","order":14,"parentId":12,"scrollX":542,"scrollY":305},
{"id":12,"expanded":false,"name":"Interior M-1","order":13,"parentId":13,"scrollX":534,"scrollY":319},
{"id":13,"expanded":false,"name":"Saigyou Estate Exterior M-1","order":12,"parentId":10,"scrollX":642,"scrollY":327},
{"id":14,"expanded":false,"name":"Memory 02","order":15,"parentId":1,"scrollX":832.8,"scrollY":507},
{"id":15,"expanded":false,"name":"Interior M-2","order":17,"parentId":16,"scrollX":534,"scrollY":319},
{"id":16,"expanded":false,"name":"Saigyou Estate Exterior M-2","order":16,"parentId":14,"scrollX":534,"scrollY":327},
{"id":17,"expanded":false,"name":"Marketplace","order":18,"parentId":14,"scrollX":542,"scrollY":305},
{"id":18,"expanded":true,"name":"Mayohiga 01","order":19,"parentId":14,"scrollX":534,"scrollY":319},
{"id":19,"expanded":false,"name":"Memory 03","order":20,"parentId":1,"scrollX":534,"scrollY":319},
{"id":20,"expanded":false,"name":"Saigyou Estate Exterior M-3","order":21,"parentId":19,"scrollX":534,"scrollY":327},
{"id":21,"expanded":false,"name":"Bathroom M-3","order":23,"parentId":22,"scrollX":542,"scrollY":305},
{"id":22,"expanded":false,"name":"Interior M-3","order":22,"parentId":20,"scrollX":534,"scrollY":319},
{"id":23,"expanded":false,"name":"Kitchen M-3","order":24,"parentId":22,"scrollX":542,"scrollY":305},
{"id":24,"expanded":false,"name":"Memory 04","order":26,"parentId":1,"scrollX":534,"scrollY":319},
{"id":25,"expanded":false,"name":"Saigyou Estate Exterior M-4","order":27,"parentId":24,"scrollX":534,"scrollY":327},
{"id":26,"expanded":false,"name":"Interior M-4","order":28,"parentId":25,"scrollX":534,"scrollY":319},
{"id":27,"expanded":false,"name":"Kitchen M-4","order":29,"parentId":26,"scrollX":542,"scrollY":305},
{"id":28,"expanded":true,"name":"Saigyou Ayakashi (Pre Seal) M-4","order":30,"parentId":24,"scrollX":534,"scrollY":319},
{"id":29,"expanded":false,"name":"Marketplace","order":8,"parentId":7,"scrollX":832.8,"scrollY":507},
{"id":30,"expanded":false,"name":"Staff Room","order":9,"parentId":29,"scrollX":832,"scrollY":640}
]